CustomerID,TotalOrders,TotalQuantity,AvgDiscount,TotalProfit,TotalRevenue
12346,9,46,10.00,40.70,203.50
12358,1,309,10.00,321.97,1609.83
12359,2,609,10.88,174.18,870.89
12361,1,45,12.14,62.04,310.20
12362,1,1,15.00,43.20,216.00
12404,1,1,5.00,77.51,387.54
12406,1,452,11.60,187.30,936.48
12417,3,352,11.49,347.13,1735.65
12422,1,60,14.00,15.00,75.00
12431,2,482,11.81,585.86,2929.27
12435,1,480,5.00,244.80,1224.00
12437,3,601,11.95,525.30,2626.46
12439,2,478,10.49,228.58,1142.88
12440,1,255,13.10,184.11,920.51
12443,1,182,10.48,202.67,1013.31
12455,1,517,10.90,333.53,1667.63
12466,1,1,10.00,77.51,387.54
12468,1,314,12.31,167.45,837.23
12470,1,95,12.83,42.39,211.95
12471,12,1859,11.70,1881.81,9408.91
12472,1,903,11.77,455.30,2276.43
12484,2,446,10.40,244.84,1224.15
12487,1,174,15.00,65.22,326.10
12490,1,442,11.43,284.18,1420.90
12510,4,940,10.71,4410.50,22052.50
12523,1,62,13.75,14.91,74.56
12531,1,1074,11.77,717.99,3589.98
12533,1,484,11.82,423.58,2117.92
12539,2,2128,10.99,1046.50,5232.26
12540,2,379,12.00,503.46,2517.24
12549,4,953,11.03,289.29,1446.45
12555,1,1,10.00,77.51,387.54
12557,1,576,6.67,432.00,2160.00
12570,1,1,15.00,77.51,387.54
12577,1,79,11.92,42.11,210.55
12583,1,388,10.22,325.72,1628.64
12586,1,157,10.79,86.07,430.35
12589,1,307,11.40,261.90,1309.50
12600,4,237,12.27,648.56,3242.77
12606,1,1,10.00,77.51,387.54
12609,1,134,10.59,145.32,726.60
12613,1,897,10.56,543.84,2719.11
12623,1,818,11.75,711.95,3559.72
12631,1,262,10.78,147.62,738.18
12636,1,1,10.00,43.20,216.00
12644,1,325,11.25,134.39,671.93
12647,1,512,11.53,802.81,4014.05
12648,1,104,9.55,84.15,420.75
12649,2,208,13.24,156.30,781.50
12664,1,134,11.25,185.40,927.00
12678,2,1889,11.79,476.44,2382.30
12681,3,1471,11.19,1001.81,5009.01
12682,4,758,10.91,781.46,3907.30
12683,2,920,10.57,525.06,2625.36
12703,1,342,10.63,230.29,1151.53
12708,2,285,9.43,224.60,1123.12
12709,5,1434,10.74,774.56,3872.76
12712,1,196,10.24,145.96,729.80
12714,2,1547,11.85,1203.76,6018.84
12733,1,391,10.42,226.04,1130.22
12745,1,1,10.00,77.51,387.54
12747,3,204,11.80,218.40,1092.00
12748,12,865,11.36,596.49,2982.41
12755,1,1,10.00,0.59,2.95
12758,1,1403,10.76,504.71,2523.52
12759,1,281,11.14,220.45,1102.26
12779,1,266,11.36,74.36,371.82
12785,1,172,10.53,148.58,742.90
12789,1,16,12.50,58.05,290.25
12813,1,181,10.71,88.44,442.20
12820,2,419,11.92,96.66,483.29
12826,1,268,11.25,215.64,1078.20
12835,10,621,10.93,319.94,1599.69
12836,2,151,11.00,133.59,667.97
12839,4,658,11.04,244.49,1222.40
12842,1,168,11.67,89.04,445.20
12843,2,50,11.46,17.54,87.69
12846,1,1,10.00,77.51,387.54
12854,1,306,11.59,104.49,522.44
12857,1,89,10.50,40.92,204.60
12860,1,26,12.50,10.84,54.22
12867,1,232,10.97,57.30,286.49
12869,1,144,11.22,70.09,350.47
12872,2,382,11.39,129.51,647.55
12873,1,248,10.36,102.84,514.20
12875,1,864,10.00,73.15,365.76
12877,1,215,11.88,59.90,299.49
12905,1,322,13.23,118.74,593.66
12913,3,505,10.31,271.15,1355.77
12916,1,157,10.88,78.43,392.13
12917,1,322,10.71,372.98,1864.90
12920,2,58,11.43,27.78,138.90
12921,6,2090,11.22,679.03,3395.17
12924,3,159,10.83,56.07,280.35
12926,1,177,11.47,74.16,370.77
12931,4,1055,11.11,409.29,2046.45
12933,1,67,11.67,31.16,155.79
12934,1,31,12.50,39.69,198.45
12937,2,219,11.43,65.48,327.37
12939,1,300,12.50,117.00,585.00
12941,1,381,10.93,154.15,770.65
12948,2,224,12.78,99.84,499.20
12949,3,1797,10.63,645.21,3225.97
12951,1,90,13.50,33.66,168.30
12956,3,306,10.65,82.76,413.82
12957,1,625,10.30,221.59,1107.95
12970,1,172,10.38,3641.63,18208.13
12971,3,723,9.17,101.33,506.65
12975,1,115,10.65,88.33,441.63
12978,3,821,11.03,295.51,1477.47
12979,1,520,10.80,104.91,524.54
12980,2,136,6.67,341.92,1709.60
12986,1,135,11.88,64.71,323.55
12987,1,168,10.31,56.47,282.33
12989,3,330,13.33,134.58,672.90
12992,1,21,14.17,18.67,93.35
13000,1,169,11.94,99.53,497.65
13001,2,903,10.79,386.92,1934.65
13004,3,689,12.34,222.34,1111.71
13008,1,75,12.73,37.86,189.31
13013,1,346,11.48,151.30,756.51
13019,2,130,11.32,89.06,445.30
13021,1,185,11.07,46.74,233.71
13025,1,241,10.77,67.55,337.79
13026,1,328,11.30,67.19,335.98
13027,2,1440,8.33,158.40,792.00
13036,1,38,6.67,61.42,307.10
13037,2,303,12.44,120.93,604.69
13039,1,52,12.50,32.56,162.80
13042,1,441,10.33,133.04,665.15
13044,1,79,11.11,35.47,177.35
13047,2,432,11.15,179.18,895.88
13048,1,228,10.48,78.92,394.60
13050,2,295,11.45,134.22,671.11
13070,1,76,9.38,30.84,154.20
13074,2,224,10.22,129.20,646.00
13077,2,337,12.08,130.78,653.91
13078,6,1050,11.48,741.58,3707.89
13081,2,4517,11.00,1289.03,6445.04
13082,2,210,12.50,42.54,212.70
13085,6,728,11.45,413.36,2066.80
13087,1,86,10.00,62.73,313.64
13089,10,3012,11.32,1430.47,7152.25
13091,2,873,11.46,1961.78,9808.94
13093,6,1892,10.43,757.64,3788.13
13097,4,847,11.00,394.46,1972.15
13101,1,127,9.80,33.71,168.55
13110,2,141,11.31,110.42,552.08
13111,1,180,13.75,70.62,353.08
13114,1,74,11.56,46.88,234.38
13136,1,285,11.11,109.82,549.09
13141,2,633,11.44,288.56,1442.83
13148,2,310,11.08,168.78,843.90
13152,1,243,10.52,96.10,480.47
13154,1,152,11.67,67.42,337.10
13162,4,1381,10.18,876.23,4381.15
13173,3,265,12.21,117.55,587.79
13174,3,847,10.90,309.44,1547.17
13175,1,201,11.50,63.83,319.15
13178,2,931,11.45,245.52,1227.54
13190,1,58,10.00,29.42,147.10
13192,1,598,11.70,144.99,724.92
13199,2,336,10.00,121.92,609.60
13202,1,108,13.13,118.04,590.20
13203,1,368,11.84,138.28,691.38
13204,1,428,10.96,193.34,966.66
13206,5,3943,11.11,1306.49,6532.17
13208,1,56,10.31,12.23,61.12
13209,1,76,7.86,61.06,305.30
13211,1,102,11.00,50.37,251.84
13225,1,682,11.96,535.36,2676.82
13233,1,231,11.47,124.95,624.75
13234,1,118,12.08,45.68,228.40
13249,1,56,10.00,16.56,82.80
13253,1,883,12.00,536.89,2684.45
13259,1,47,9.87,30.41,152.05
13266,1,176,11.36,59.11,295.55
13267,3,420,11.86,213.63,1068.10
13269,3,550,10.93,166.60,832.98
13287,1,122,11.39,52.88,264.38
13289,1,119,11.88,61.59,307.95
13313,3,745,10.77,201.24,1006.23
13315,1,232,10.23,62.06,310.26
13317,1,229,9.79,99.07,495.30
13319,5,837,10.73,420.71,2103.56
13327,3,674,11.40,341.38,1706.75
13329,1,270,9.74,66.93,334.65
13338,1,480,11.16,151.42,757.10
13360,2,301,10.22,146.87,734.35
13373,1,336,11.00,152.89,764.42
13381,1,12,10.00,3.48,17.40
13382,1,123,9.69,51.01,255.04
13393,2,161,11.92,81.98,409.86
13394,2,738,11.48,201.49,1007.48
13397,1,36,10.00,70.20,351.00
13403,1,44,11.67,25.99,129.96
13405,1,582,11.67,29.30,146.46
13408,7,1909,10.85,715.47,3577.38
13410,2,324,10.71,151.94,759.72
13413,1,17,12.00,3.50,17.49
13415,1,247,10.64,93.38,466.92
13416,1,66,12.14,45.66,228.30
13418,1,704,10.00,176.26,881.36
13426,2,637,11.91,205.60,1027.87
13427,1,96,11.67,19.20,96.00
13433,1,32,5.00,20.96,104.80
13442,2,58,11.40,63.22,316.10
13448,3,844,11.34,326.90,1634.40
13455,2,134,10.42,86.33,431.65
13457,2,96,10.00,29.64,148.22
13459,1,463,11.25,126.17,630.79
13462,2,256,12.69,75.51,377.52
13468,5,541,10.95,291.54,1457.73
13473,1,206,12.78,129.78,648.90
13477,1,144,10.00,84.54,422.70
13480,1,196,11.67,95.26,476.24
13481,1,148,13.75,62.24,311.20
13485,2,99,9.50,83.34,416.70
13487,1,25,10.00,20.79,103.95
13488,1,185,10.00,70.15,350.73
13491,4,436,11.85,292.76,1463.74
13495,2,397,10.50,176.86,884.31
13498,1,362,10.88,104.64,523.22
13510,1,135,10.00,53.34,266.70
13514,1,96,10.50,69.26,346.30
13520,1,220,9.33,223.48,1117.40
13526,2,1911,11.25,281.23,1406.16
13527,2,426,11.00,150.94,754.69
13531,1,126,11.00,62.34,311.70
13542,2,71,12.20,84.18,420.91
13543,1,143,10.24,125.05,625.25
13555,2,360,10.08,171.34,856.72
13557,4,915,10.85,219.98,1099.76
13562,1,202,10.56,187.88,939.40
13564,6,945,11.02,383.56,1917.79
13571,1,76,11.25,32.52,162.60
13576,2,285,8.57,166.61,833.07
13577,3,187,12.14,123.81,619.04
13585,1,1,5.00,2.55,12.75
13589,1,77,10.67,53.83,269.15
13590,2,732,12.02,195.91,979.46
13591,1,4,7.50,10.64,53.20
13599,2,834,11.32,210.20,1050.99
13610,2,194,11.23,90.37,451.83
13611,1,227,11.50,67.59,337.93
13615,1,359,9.91,161.63,808.15
13616,1,140,12.50,35.60,178.00
13622,1,379,10.47,135.56,677.75
13623,2,418,10.58,208.23,1041.14
13634,2,234,11.48,88.05,440.30
13635,2,477,11.88,159.45,797.15
13641,4,889,10.14,2093.37,10466.88
13643,1,90,12.00,62.36,311.80
13648,1,203,11.33,52.61,263.09
13650,1,254,11.88,102.71,513.53
13654,1,90,13.13,31.98,159.98
13666,1,2,15.00,3.90,19.50
13668,2,142,10.45,178.26,891.30
13672,1,81,10.00,46.71,233.53
13679,1,34,10.95,25.36,126.80
13680,4,1553,11.20,853.99,4269.89
13693,5,377,11.81,180.88,904.41
13694,24,47742,11.27,21022.09,105110.48
13698,1,42,13.13,36.86,184.30
13709,1,172,13.50,61.35,306.74
13711,4,459,10.61,237.10,1185.50
13727,2,33,10.91,44.73,223.65
13728,2,90,11.05,65.82,329.10
13729,1,272,13.00,71.58,357.88
13733,1,62,11.00,29.82,149.10
13735,2,505,11.56,204.87,1024.32
13736,1,380,11.48,142.16,710.84
13740,1,93,11.32,59.34,296.69
13748,1,90,11.43,34.62,173.10
13753,1,428,11.88,134.76,673.80
13756,2,185,11.86,81.82,409.14
13758,3,1419,11.29,606.78,3033.89
13762,1,824,10.63,104.20,521.04
13767,5,1368,10.68,672.67,3363.40
13768,2,373,10.61,175.19,875.97
13769,1,61,10.50,45.25,226.25
13770,1,111,8.33,34.87,174.33
13777,6,3548,12.38,1883.56,9417.80
13781,1,140,12.50,62.89,314.44
13782,2,80,12.29,53.43,267.13
13786,1,323,12.00,144.62,723.09
13787,1,172,11.25,41.22,206.10
13798,8,2988,12.17,1094.68,5473.40
13800,1,242,10.79,100.06,500.30
13807,1,43,9.29,21.59,107.95
13813,1,167,10.77,135.83,679.15
13819,2,820,12.28,222.72,1113.60
13820,1,72,9.60,45.44,227.22
13821,3,199,11.14,132.11,660.55
13823,1,245,11.85,103.99,519.95
13825,1,104,10.23,28.67,143.36
13831,5,892,11.02,492.49,2462.50
13847,1,96,10.00,62.14,310.72
13848,1,1500,10.00,126.00,630.00
13851,1,14,13.33,42.26,211.30
13854,1,49,8.33,45.73,228.67
13855,2,268,11.79,161.82,809.10
13869,1,660,10.63,246.58,1232.88
13871,1,271,11.77,110.80,554.00
13872,1,84,10.31,50.42,252.12
13875,1,139,10.91,69.81,349.03
13877,1,201,10.56,45.65,228.27
13883,1,2,10.00,3594.24,17971.20
13889,1,232,11.94,63.88,319.38
13890,1,89,12.69,42.73,213.65
13895,1,408,11.43,166.21,831.00
13901,1,161,11.54,103.60,517.99
13902,2,63396,12.50,11666.27,58331.34
13905,1,135,12.50,68.77,343.85
13907,1,68,12.50,27.36,136.80
13921,1,25,11.43,20.55,102.75
13929,1,50,10.00,40.30,201.50
13931,3,850,11.51,326.02,1630.06
13941,2,494,10.63,257.38,1286.90
13946,1,206,11.35,58.44,292.20
13948,1,63,12.14,31.13,155.65
13952,1,597,10.81,261.34,1306.71
13953,1,400,10.00,156.00,780.00
13958,2,401,11.20,180.21,901.07
13965,1,247,11.92,178.67,893.35
13971,1,214,9.29,53.44,267.22
13979,1,150,9.23,40.76,203.78
13982,1,526,11.25,159.68,798.35
13983,2,952,10.10,267.09,1335.37
13984,2,150,12.50,57.66,288.30
13993,1,203,10.80,111.35,556.75
13995,1,66,10.83,28.74,143.70
13999,3,531,10.80,214.35,1071.75
14000,1,48,10.00,42.72,213.60
14003,1,149,12.19,41.89,209.41
14016,1,334,12.33,296.35,1481.74
14030,2,379,11.67,194.13,970.65
14031,7,2582,11.43,1331.36,6656.71
14032,3,1202,10.89,239.01,1194.90
14037,2,391,11.13,130.46,652.34
14040,3,539,11.06,279.95,1399.72
14042,1,180,11.43,86.40,431.98
14043,1,84,11.50,32.86,164.31
14044,1,78,11.29,47.26,236.23
14045,1,240,10.00,93.60,468.00
14051,3,448,10.00,331.00,1654.98
14055,1,400,11.11,77.14,385.68
14057,1,101,10.29,23.90,119.54
14061,2,81,12.22,116.93,584.63
14062,3,2324,11.94,694.69,3473.46
14063,7,3848,10.79,2222.03,11110.16
14064,1,310,13.13,84.35,421.75
14070,1,85,10.24,64.32,321.60
14079,1,1,5.00,77.51,387.54
14080,2,120,10.73,82.93,414.65
14081,2,867,10.93,287.14,1435.54
14083,1,19,7.86,13.09,65.44
14085,4,638,10.67,369.24,1846.21
14087,1,200,11.80,47.09,235.44
14091,1,1200,8.75,1308.00,6540.00
14092,2,203,11.59,85.01,425.05
14095,1,1,15.00,0.59,2.95
14099,1,199,11.25,76.91,384.49
14105,1,250,11.19,129.26,646.30
14106,1,24,20.00,47.76,238.80
14107,1,174,12.78,32.66,163.26
14108,2,292,12.75,152.96,764.80
14110,2,296,10.00,149.96,749.78
14113,4,553,11.75,229.36,1146.79
14119,1,120,15.00,37.68,188.40
14122,2,25,15.00,26.32,131.59
14123,1,234,11.46,87.24,436.18
14130,1,268,10.89,67.99,339.87
14133,1,50,13.75,61.10,305.50
14134,2,936,11.88,499.20,2496.00
14135,2,1644,9.57,384.11,1920.48
14136,2,324,9.88,121.84,609.18
14137,1,462,9.09,192.32,961.62
14146,1,540,11.67,149.79,748.91
14151,1,176,11.09,70.41,352.05
14154,1,432,10.92,106.07,530.34
14156,21,32963,11.34,17935.59,89677.57
14159,1,267,11.77,78.74,393.65
14160,2,2310,10.95,928.11,4640.62
14161,1,298,11.14,161.69,808.47
14167,1,39,9.29,30.39,151.95
14171,1,44,8.33,32.16,160.80
14173,1,8,20.00,4.72,23.60
14191,1,2,15.00,3.18,15.90
14194,2,744,11.00,448.96,2244.78
14198,1,23,10.63,27.05,135.25
14204,1,103,10.83,74.26,371.27
14207,1,36,7.50,36.84,184.20
14209,1,101,9.69,51.39,256.95
14210,1,303,11.18,167.56,837.81
14211,2,312,9.13,81.68,408.40
14215,2,585,11.56,280.75,1403.71
14225,1,370,8.82,139.46,697.30
14238,1,18,15.00,31.82,159.10
14239,3,188,11.80,94.94,474.70
14241,1,96,7.50,24.00,120.00
14256,1,452,10.56,188.06,940.30
14258,3,1700,11.35,1067.22,5336.12
14274,1,178,12.00,51.32,256.60
14277,2,232,10.00,1883.40,9417.02
14279,1,22,7.50,23.70,118.50
14285,1,48,15.00,33.84,169.20
14286,1,1687,11.12,330.04,1650.12
14290,1,273,10.38,189.09,945.43
14291,1,261,11.46,81.70,408.51
14293,3,661,11.18,268.57,1342.87
14295,2,172,10.28,1921.97,9609.85
14298,2,3032,11.03,1219.12,6095.56
14299,5,2130,11.90,774.32,3871.58
14302,1,28,5.00,25.32,126.60
14307,1,106,9.64,48.42,242.10
14320,1,130,10.67,43.24,216.22
14324,1,227,10.87,72.37,361.81
14327,1,274,11.11,110.22,551.10
14329,2,571,10.66,189.69,948.42
14341,2,443,11.76,118.53,592.69
14343,1,132,11.02,50.03,250.15
14347,1,48,10.83,16.52,82.60
14365,1,330,10.86,64.92,324.50
14376,1,50,11.94,43.09,215.46
14380,1,1,10.00,77.51,387.54
14388,1,283,10.91,64.46,322.29
14396,2,446,10.58,153.26,766.36
14401,2,775,12.00,439.71,2198.53
14404,3,214,10.29,111.47,557.30
14408,1,156,8.75,66.60,333.00
14413,2,139,11.50,102.05,510.24
14415,1,306,11.35,104.03,520.16
14420,1,328,10.43,80.16,400.80
14421,2,657,10.68,204.30,1021.50
14422,2,373,10.49,135.10,675.46
14423,1,96,10.00,56.64,283.20
14425,2,235,10.77,84.45,422.29
14431,1,273,11.60,107.45,537.25
14439,2,1086,11.36,939.01,4695.00
14440,2,451,10.89,335.97,1679.85
14441,1,166,10.53,73.90,369.44
14442,1,193,11.11,172.07,860.35
14451,1,59,10.24,22.09,110.43
14454,1,63,11.47,25.19,125.94
14460,1,258,13.57,32.80,163.98
14461,1,152,11.84,61.09,305.44
14465,2,494,12.50,120.20,601.02
14466,2,263,11.45,88.13,440.65
14467,1,82,10.59,21.97,109.84
14468,1,164,10.00,40.85,204.24
14469,1,183,10.18,84.29,421.45
14471,1,119,9.63,41.77,208.83
14472,1,136,10.91,53.21,266.05
14477,1,100,10.00,39.00,195.00
14478,2,554,10.94,115.72,578.68
14479,1,188,10.30,71.02,355.13
14480,1,151,9.12,60.77,303.85
14483,1,96,10.00,24.00,120.00
14484,1,245,11.90,89.66,448.29
14494,1,30,15.00,27.90,139.50
14505,2,634,10.97,275.54,1377.68
14507,1,56,10.67,34.30,171.50
14512,1,106,10.56,30.66,153.28
14514,2,770,11.07,273.04,1365.19
14519,2,81,9.08,40.63,203.14
14522,1,112,13.33,44.36,221.80
14525,2,390,12.63,129.17,645.89
14527,13,1919,11.24,1740.81,8704.14
14530,1,91,12.32,38.42,192.13
14532,1,68,9.55,56.79,283.95
14538,1,52,10.00,90.52,452.60
14540,3,317,11.19,167.56,837.79
14541,1,166,12.71,40.55,202.73
14543,4,350,12.22,261.12,1305.60
14546,1,312,10.82,109.28,546.48
14548,2,241,10.83,121.81,608.98
14549,1,121,12.13,62.66,313.27
14551,1,99,10.83,29.77,148.85
14555,1,101,11.67,58.13,290.65
14556,1,119,10.63,66.29,331.41
14558,2,139,12.27,81.37,406.85
14560,4,1016,11.35,252.31,1261.55
14564,1,439,10.77,197.84,989.18
14573,1,52,11.43,63.28,316.40
14574,1,63,12.73,28.74,143.70
14577,2,143,11.89,64.16,320.79
14590,5,268,11.45,182.34,911.71
14593,1,162,11.21,83.61,418.05
14595,1,114,12.75,40.47,202.35
14605,2,133,10.78,41.72,208.60
14606,15,1154,10.61,2403.78,12019.03
14607,1,1016,8.33,561.60,2808.00
14608,2,194,12.00,130.76,653.82
14613,1,72,10.00,18.00,90.00
14621,1,223,12.17,103.67,518.35
14625,2,627,11.34,206.83,1034.07
14626,2,726,10.32,296.20,1480.98
14628,1,279,12.61,75.83,379.13
14640,1,142,12.11,57.24,286.18
14643,1,380,10.00,179.24,896.20
14644,1,150,11.82,67.70,338.50
14646,9,30875,11.04,10619.85,53099.19
14648,1,165,10.94,39.05,195.23
14649,1,382,11.20,105.95,529.69
14653,3,516,11.15,266.94,1334.68
14654,1,273,11.85,49.36,246.86
14662,1,30,10.63,22.14,110.70
14667,4,831,9.56,340.80,1704.01
14669,1,503,11.05,162.30,811.53
14670,1,97,11.16,38.08,190.47
14672,1,69,12.22,31.17,155.86
14679,1,168,10.95,87.75,438.74
14680,6,1338,11.39,538.93,2694.64
14685,5,1210,11.12,588.43,2942.14
14695,2,351,10.60,190.75,953.68
14701,1,193,11.22,94.44,472.18
14702,3,513,11.27,225.99,1129.95
14709,2,270,10.68,132.30,661.50
14710,2,36,11.58,14.70,73.50
14713,2,222,11.47,69.84,349.23
14714,1,94,10.83,29.80,149.00
14715,1,85,11.11,57.29,286.43
14717,1,32,11.82,16.26,81.30
14723,1,115,10.29,28.33,141.63
14732,3,249,9.88,206.15,1030.75
14735,4,299,9.79,160.29,801.45
14738,1,88,9.17,64.80,324.00
14739,2,1005,10.22,288.78,1443.91
14750,1,65,11.41,22.41,112.03
14751,2,65,11.43,25.29,126.45
14754,1,155,11.55,71.32,356.61
14755,3,331,12.44,149.35,746.75
14769,2,1333,11.80,370.18,1850.86
14771,1,253,12.37,58.09,290.49
14790,2,532,11.17,113.59,567.96
14796,2,159,9.90,94.93,474.59
14799,1,349,12.00,37.24,186.21
14819,1,23,11.36,5.96,29.79
14826,1,42,8.75,39.06,195.30
14828,3,2172,10.37,710.23,3551.16
14831,3,885,11.95,335.32,1676.57
14837,1,340,10.53,55.53,277.68
14838,1,18,12.50,26.22,131.10
14839,1,296,11.13,85.01,425.06
14841,3,1268,11.02,589.74,2948.68
14849,1,389,11.43,99.45,497.20
14854,1,306,11.90,60.41,302.06
14861,2,285,10.76,131.57,657.79
14865,1,48,10.00,6.24,31.20
14867,2,88,10.67,67.36,336.84
14869,1,296,12.62,74.30,371.48
14870,1,99,11.07,71.31,356.55
14871,2,99,10.52,63.93,319.65
14879,1,104,10.37,37.01,185.06
14892,1,79,11.54,40.47,202.35
14894,1,54,6.67,72.42,362.10
14895,2,744,11.67,377.50,1887.55
14896,1,128,11.71,59.65,298.25
14897,1,204,10.53,68.58,342.92
14898,2,451,10.08,132.54,662.71
14905,1,172,8.46,54.18,270.90
14911,21,5573,10.95,12246.55,61232.62
14912,1,1,20.00,77.51,387.54
14915,1,104,12.27,40.41,202.06
14940,1,105,13.50,36.40,182.01
14942,1,37,16.67,24.43,122.15
14949,2,91,12.50,42.42,212.09
14952,3,630,12.00,254.98,1274.90
14954,1,92,10.49,33.46,167.27
14955,1,74,11.61,33.91,169.53
14958,1,54,10.42,37.27,186.36
14961,2,1356,10.48,527.29,2636.47
14966,2,535,11.59,177.04,885.18
14967,1,68,14.00,53.97,269.85
14969,1,665,10.38,194.01,970.03
14977,1,17,10.00,6.39,31.93
14979,1,209,11.84,85.93,429.66
14980,1,79,11.88,30.14,150.68
14983,1,90,10.83,36.64,183.20
14984,1,44,17.50,25.96,129.80
14986,1,170,11.18,64.67,323.38
14987,4,218,11.43,130.62,653.10
14990,1,64,9.64,40.05,200.24
15002,2,548,10.85,215.94,1079.63
15003,1,193,10.61,72.34,361.71
15005,4,590,10.96,217.83,1089.18
15015,2,164,10.48,49.48,247.40
15031,2,247,11.17,104.77,523.80
15032,1,924,12.50,355.08,1775.40
15039,6,276,11.28,205.28,1026.37
15044,5,872,11.10,586.30,2931.50
15046,2,286,10.53,138.01,690.03
15051,1,306,10.78,116.01,580.02
15055,1,95,10.19,48.88,244.42
15057,1,100,10.00,62.74,313.70
15059,2,260,10.40,95.23,476.14
15061,10,8698,11.37,3399.87,16999.36
15064,1,126,11.19,65.00,324.99
15070,1,140,11.00,72.88,364.40
15073,1,304,10.54,95.78,478.90
15077,1,228,12.63,174.70,873.48
15078,2,458,10.61,199.82,999.10
15079,2,291,10.65,153.13,765.65
15085,1,169,11.11,70.66,353.30
15093,2,1672,11.39,314.57,1572.58
15095,1,205,12.35,54.98,274.89
15100,1,64,12.86,43.44,217.20
15109,1,50,11.25,46.24,231.20
15115,1,88,12.86,38.34,191.74
15126,1,121,12.00,38.49,192.45
15137,1,330,13.44,79.94,399.66
15144,1,84,10.83,77.40,387.00
15152,1,290,12.24,110.02,550.14
15157,1,644,10.33,265.25,1326.12
15162,1,74,10.83,62.58,312.90
15164,1,117,11.46,40.69,203.48
15169,1,225,10.31,71.24,356.17
15179,2,896,11.60,338.64,1693.10
15181,1,48,10.00,36.00,180.00
15184,1,161,10.45,24.63,123.19
15186,1,68,12.50,35.08,175.40
15188,1,233,11.09,62.09,310.43
15191,2,161,10.00,68.55,342.75
15192,1,280,10.48,62.25,311.24
15194,4,1290,11.61,611.99,3059.96
15196,1,66,11.52,29.94,149.70
15197,1,60,12.50,37.99,189.96
15198,1,36,11.00,16.16,80.80
15203,2,627,11.58,149.24,746.07
15209,1,94,9.23,35.80,178.98
15218,1,222,10.77,89.96,449.79
15222,3,1737,11.67,351.42,1757.06
15223,2,92,10.63,99.08,495.40
15224,1,68,11.25,16.68,83.40
15240,1,473,9.85,109.94,549.77
15255,1,176,12.69,52.09,260.44
15259,1,187,10.79,60.51,302.55
15260,2,97,11.79,58.97,294.85
15265,1,146,10.29,58.82,294.14
15266,2,68,11.00,144.56,722.80
15270,2,162,13.33,108.16,540.80
15287,1,55,7.50,11.64,58.20
15291,5,532,11.43,444.48,2222.40
15296,1,559,10.35,242.09,1210.43
15298,2,484,10.88,155.22,776.05
15299,1,192,20.00,178.56,892.80
15302,1,102,13.67,61.60,308.00
15303,1,126,12.06,60.44,302.20
15309,1,143,10.50,54.75,273.75
15311,26,6746,11.22,3584.02,17919.99
15312,2,299,11.06,119.17,595.85
15324,1,74,9.38,28.04,140.22
15326,2,438,11.51,145.69,728.42
15329,1,138,10.28,79.15,395.76
15353,1,88,9.61,54.35,271.74
15358,3,960,10.61,229.54,1147.56
15359,6,70,10.50,18.87,94.35
15362,1,145,10.22,62.15,310.75
15367,1,256,10.50,157.12,785.62
15369,3,456,9.00,193.44,967.20
15375,1,84,9.17,21.40,107.04
15380,3,290,12.00,258.32,1291.54
15382,1,954,11.88,323.83,1619.20
15389,1,1640,12.50,265.20,1326.00
15393,2,147,12.73,72.63,363.21
15394,1,224,11.82,59.48,297.40
15403,1,324,9.00,63.72,318.60
15409,1,59,12.22,26.25,131.25
15413,5,2694,11.60,1586.72,7933.64
15420,2,280,14.69,47.58,237.90
15421,1,95,11.54,48.21,241.05
15428,1,78,10.91,36.89,184.44
15434,1,73,10.00,57.07,285.35
15441,1,139,10.77,60.32,301.57
15446,1,109,11.00,24.69,123.43
15456,3,671,10.27,123.84,619.27
15465,4,275,10.81,196.35,981.75
15466,1,406,11.41,148.10,740.46
15479,1,38,15.56,29.48,147.40
15482,2,432,11.43,137.16,685.80
15483,1,154,10.17,32.02,160.11
15484,1,611,10.76,156.52,782.62
15485,3,536,11.29,248.43,1242.12
15487,1,144,11.07,46.26,231.32
15489,1,253,10.94,42.81,214.00
15494,1,714,11.54,203.27,1016.31
15497,2,208,11.33,161.32,806.60
15498,1,1604,11.04,741.97,3709.88
15499,1,59,11.46,31.73,158.65
15503,1,60,11.86,23.24,116.26
15513,1,587,11.32,291.03,1455.10
15514,3,1316,11.59,289.09,1445.48
15518,2,338,10.92,109.96,549.78
15521,1,454,10.58,109.53,547.72
15523,3,662,11.19,262.17,1310.85
15527,2,335,11.67,121.28,606.41
15534,1,63,8.13,32.45,162.25
15542,2,203,10.79,101.96,509.78
15544,1,452,11.97,92.63,463.22
15547,2,873,11.41,293.62,1468.08
15549,2,129,12.00,68.40,342.01
15550,3,357,10.92,133.69,668.44
15555,1,414,11.13,189.47,947.39
15562,1,493,11.67,157.15,785.76
15563,1,379,11.50,85.76,428.80
15566,1,110,10.00,27.64,138.22
15571,1,43,12.19,23.65,118.26
15573,1,156,10.61,59.70,298.48
15577,2,31,11.25,27.43,137.15
15581,12,724,11.12,197.13,985.72
15586,1,594,11.40,136.04,680.22
15601,5,1546,10.87,450.04,2250.00
15602,2,308,10.00,78.64,393.20
15605,1,42,9.38,25.54,127.70
15607,2,568,10.33,157.24,786.08
15611,1,51,12.92,36.09,180.45
15615,4,1102,11.88,366.80,1833.94
15623,2,392,10.68,131.78,658.90
15628,1,246,11.39,57.26,286.28
15633,2,241,10.56,99.64,498.19
15637,1,400,10.56,61.23,306.16
15640,2,860,11.00,469.35,2346.76
15641,3,1403,11.52,614.31,3071.56
15642,1,270,10.00,58.38,291.90
15658,1,95,11.67,67.03,335.15
15662,1,67,8.75,21.17,105.85
15672,1,10,11.67,9.06,45.30
15674,1,282,13.41,120.21,601.06
15680,2,497,11.40,135.26,676.23
15682,1,92,10.50,25.50,127.48
15684,2,70,9.44,23.86,119.30
15691,1,56,12.00,32.36,161.80
15694,1,85,14.00,80.55,402.75
15695,1,139,8.89,69.72,348.61
15696,1,67,7.78,32.53,162.65
15697,1,127,9.29,49.35,246.75
15702,1,1,10.00,77.51,387.54
15711,1,39,8.57,21.33,106.65
15712,2,247,11.41,184.67,923.35
15713,1,209,10.83,48.77,243.86
15716,1,68,11.17,42.83,214.17
15719,3,461,10.92,203.37,1016.92
15727,1,623,10.91,189.76,948.82
15738,4,1067,11.64,247.64,1238.23
15747,1,138,12.14,45.22,226.08
15750,2,268,10.95,100.04,500.19
15751,4,162,12.93,114.66,573.29
15755,2,379,11.79,136.57,682.86
15759,1,303,11.25,25.15,125.73
15766,1,84,12.50,46.56,232.80
15768,8,1497,10.69,886.37,4431.78
15769,2,2400,11.07,936.00,4680.00
15771,1,107,11.50,63.25,316.25
15785,2,568,10.47,172.51,862.45
15793,1,154,10.00,61.05,305.26
15794,2,288,9.00,167.72,838.60
15795,1,51,11.88,22.59,112.95
15797,1,228,10.00,71.00,355.00
15798,1,240,11.75,73.26,366.28
15805,2,494,12.24,243.48,1217.42
15808,4,1455,10.90,790.67,3953.33
15812,2,491,12.56,106.03,530.10
15822,1,290,12.50,94.86,474.32
15823,2,1773,11.30,775.16,3875.81
15827,1,82,12.50,45.66,228.30
15833,1,24,15.00,16.08,80.40
15838,1,300,10.00,117.00,585.00
15841,2,811,10.71,287.61,1437.99
15845,1,79,10.00,43.21,216.04
15850,1,41,11.41,21.33,106.65
15854,1,124,11.25,132.84,664.20
15856,5,1819,11.16,833.23,4166.17
15858,3,373,10.75,119.88,599.31
15860,2,238,10.71,61.00,305.02
15861,1,252,10.95,82.75,413.75
15862,3,331,11.27,7300.61,36503.06
15863,2,52,11.56,32.07,160.35
15865,1,510,12.28,141.33,706.55
15867,3,515,10.52,215.14,1075.67
15874,1,136,10.00,144.02,720.10
15878,1,71,11.90,42.43,212.13
15879,1,75,11.17,24.21,121.04
15882,1,73,9.17,36.32,181.63
15884,1,150,11.15,47.34,236.70
15885,2,25,12.50,29.81,149.05
15889,2,188,11.70,72.72,363.62
15898,3,297,10.94,164.83,824.11
15903,1,4,5.00,10.20,51.00
15910,1,114,10.27,20.28,101.43
15911,4,484,11.37,213.08,1065.41
15912,4,343,9.91,110.38,551.89
15916,2,193,11.08,107.07,535.33
15917,3,182,10.41,60.60,303.06
15920,2,68,11.05,25.80,129.02
15924,1,103,9.33,20.56,102.82
15944,1,332,10.00,130.54,652.72
15945,2,256,12.17,116.19,580.96
15950,1,253,12.97,111.34,556.66
15953,1,212,12.86,82.12,410.60
15956,1,128,5.00,75.52,377.60
15959,3,269,11.20,108.58,542.89
15965,1,94,15.00,39.02,195.10
15967,1,50,10.67,31.34,156.71
15971,2,108,8.33,100.20,501.00
15983,3,664,10.22,236.92,1184.59
15984,4,1258,10.69,328.65,1643.21
15989,1,55,10.00,28.04,140.16
15998,3,979,10.92,345.40,1727.09
15999,1,24,10.00,4.08,20.40
16003,1,127,10.00,77.57,387.87
16004,1,206,10.75,92.10,460.50
16011,3,286,11.87,107.51,537.53
16013,3,777,11.50,367.33,1836.65
16017,2,317,10.73,165.67,828.35
16018,1,203,12.25,39.16,195.78
16019,5,818,12.08,535.95,2679.77
16027,3,430,12.50,105.32,526.60
16029,12,5504,10.00,3171.68,15858.40
16047,1,1,10.00,77.51,387.54
16051,1,80,8.75,78.99,394.92
16057,1,198,11.11,87.86,439.28
16064,1,55,12.06,23.39,116.93
16085,1,144,12.09,51.12,255.64
16086,1,258,11.48,56.92,284.55
16087,1,220,11.25,123.00,615.00
16098,1,221,13.33,30.94,154.69
16103,1,67,9.17,49.37,246.85
16104,3,408,11.63,234.99,1174.89
16109,1,480,12.31,139.20,696.00
16119,1,112,8.33,38.05,190.24
16124,1,318,11.19,92.60,463.00
16125,3,501,11.00,236.86,1184.33
16126,2,263,11.06,90.40,451.99
16127,1,68,11.29,29.01,145.06
16131,1,721,11.85,282.36,1411.81
16137,1,210,11.07,84.54,422.70
16139,2,272,10.19,95.15,475.74
16143,1,147,12.19,60.07,300.35
16150,1,142,10.38,74.76,373.80
16156,3,359,11.96,155.80,778.97
16158,3,101,10.71,44.29,221.47
16159,1,163,12.50,63.51,317.55
16163,2,292,9.89,167.66,838.28
16166,1,88,11.67,47.97,239.84
16167,1,977,10.33,97.16,485.79
16168,2,124,13.13,94.20,471.00
16186,1,274,10.95,77.87,389.34
16190,1,124,10.83,39.39,196.92
16191,1,188,9.38,77.08,385.40
16192,1,208,10.45,75.66,378.30
16195,1,123,10.00,64.65,323.25
16197,1,58,8.75,23.46,117.30
16200,5,1668,10.75,567.45,2837.24
16202,2,301,10.91,165.80,828.97
16204,1,226,12.31,42.66,213.27
16206,1,151,10.65,68.03,340.17
16210,6,1259,11.43,2341.54,11707.70
16222,1,138,12.39,102.10,510.50
16233,2,256,11.80,122.42,612.10
16253,2,868,11.82,205.09,1025.38
16255,1,157,11.83,59.53,297.63
16277,1,33,11.74,37.74,188.69
16280,1,101,10.31,47.61,238.05
16281,1,392,8.57,179.04,895.20
16282,1,76,11.88,54.00,270.00
16287,1,522,8.57,45.32,226.62
16291,1,1,10.00,77.51,387.54
16293,1,104,10.53,65.13,325.64
16296,2,334,11.18,169.30,846.46
16301,1,41,8.33,21.47,107.33
16304,1,228,11.80,76.33,381.66
16308,1,3000,10.00,252.00,1260.00
16320,1,287,11.34,164.63,823.15
16321,1,100,13.89,39.22,196.10
16325,3,290,10.94,103.94,519.64
16326,1,49,10.69,51.77,258.82
16327,2,883,11.87,297.20,1485.96
16329,1,114,10.83,50.01,250.06
16335,3,366,11.09,204.63,1023.24
16351,3,304,11.62,110.24,551.20
16353,6,390,13.93,215.78,1078.90
16365,1,109,9.50,58.08,290.40
16366,2,457,11.33,181.79,908.89
16393,1,199,11.83,68.20,341.02
16395,2,168,10.60,48.94,244.66
16400,1,324,11.25,111.99,559.98
16409,1,325,10.89,106.50,532.49
16410,1,348,11.00,67.25,336.24
16414,1,51,10.00,25.82,129.09
16422,2,1792,10.38,341.00,1705.00
16430,1,21,13.33,20.99,104.95
16434,1,287,10.22,99.12,495.60
16436,2,105,10.94,38.49,192.45
16439,1,74,10.00,62.14,310.70
16442,1,61,10.41,31.00,155.06
16451,1,201,11.14,61.53,307.65
16452,1,122,11.00,38.74,193.68
16459,1,59,12.00,14.36,71.79
16467,2,3886,8.67,414.02,2070.10
16470,1,62,10.16,38.24,191.18
16481,1,201,9.38,118.37,591.85
16485,1,340,11.00,127.94,639.70
16497,2,334,10.92,159.15,795.74
16510,1,312,11.05,127.12,635.60
16523,1,123,12.69,85.19,425.93
16524,1,113,10.71,20.26,101.30
16525,6,1303,12.13,574.37,2871.83
16535,1,1,10.00,1797.12,8985.60
16541,1,173,11.97,84.80,424.03
16550,4,749,11.50,349.88,1749.41
16551,1,384,11.33,92.70,463.50
16554,1,189,11.75,83.10,415.49
16556,3,629,11.25,222.41,1112.00
16558,1,109,8.89,59.41,297.05
16560,2,455,12.71,179.77,898.79
16563,1,221,11.50,121.23,606.14
16569,2,523,12.06,231.51,1157.55
16585,1,60,10.00,17.86,89.32
16592,2,246,12.33,121.86,609.28
16593,2,51,13.33,55.75,278.73
16595,1,382,11.06,100.55,502.59
16596,2,83,10.42,41.77,208.83
16600,1,401,11.50,132.59,662.93
16605,1,144,15.00,12.10,60.48
16612,1,297,9.78,102.17,510.87
16620,1,575,11.40,164.47,822.37
16634,1,186,10.00,60.76,303.80
16641,1,198,10.83,64.68,323.40
16645,1,117,10.36,32.09,160.39
16656,1,210,10.00,84.54,422.70
16660,1,32,20.00,31.68,158.40
16661,1,34,20.00,65.10,325.50
16663,1,100,15.00,39.00,195.00
16670,2,682,11.19,268.54,1342.64
16684,4,4824,11.59,1431.04,7155.20
16686,2,77,10.26,32.79,163.94
16694,1,26,11.67,21.82,109.10
16699,1,130,10.71,27.49,137.40
16700,3,732,10.38,206.98,1034.88
16701,2,410,10.94,160.77,803.84
16702,1,198,11.48,44.31,221.52
16705,3,2789,10.71,1225.96,6129.78
16709,1,533,10.77,252.07,1260.30
16710,3,967,10.66,215.07,1075.37
16711,2,228,11.25,150.24,751.20
16713,4,524,11.24,233.08,1165.37
16717,1,217,11.00,77.28,386.39
16718,1,503,10.91,131.97,659.82
16719,2,300,11.40,115.93,579.64
16720,1,83,12.07,32.44,162.20
16722,1,198,11.43,71.99,359.94
16723,1,150,11.64,85.29,426.43
16725,1,148,10.93,40.96,204.73
16727,1,348,11.85,107.87,539.34
16732,1,473,11.28,162.17,810.84
16735,2,570,11.06,172.37,861.82
16736,3,645,11.46,349.93,1749.61
16742,2,430,9.58,82.86,414.30
16746,5,1465,11.75,494.39,2471.88
16748,1,50,12.00,19.50,97.50
16749,1,1086,10.00,513.07,2565.32
16755,1,139,11.89,51.80,258.94
16763,1,173,12.14,70.57,352.85
16768,1,96,11.47,46.92,234.58
16769,2,113,11.88,78.89,394.46
16771,1,46,10.63,40.66,203.30
16772,2,226,9.29,419.90,2099.50
16773,1,47,10.42,27.55,137.75
16779,10,7164,11.51,2657.13,13285.75
16782,2,153,10.62,85.45,427.27
16787,1,114,11.45,48.31,241.54
16791,2,185,10.24,107.09,535.49
16792,1,102,10.48,42.26,211.29
16795,1,335,11.25,121.57,607.82
16797,1,127,11.02,35.38,176.88
16798,1,45,11.03,42.32,211.60
16802,1,137,12.14,51.83,259.11
16805,2,163,10.52,57.22,286.05
16822,1,171,11.36,51.93,259.63
16823,1,113,11.00,37.86,189.30
16830,1,188,10.94,60.09,300.42
16841,1,133,11.36,84.47,422.35
16843,1,450,10.50,161.74,808.68
16858,3,298,13.16,255.41,1277.06
16862,1,92,15.00,33.12,165.60
16867,1,58,10.83,15.35,76.74
16875,1,296,11.22,128.90,644.58
16883,1,41,10.00,21.79,108.95
16887,1,177,10.59,43.96,219.82
16888,1,59,12.50,40.02,200.09
16891,2,220,11.71,84.55,422.74
16892,1,21,9.33,19.51,97.55
16901,1,42,10.22,40.85,204.26
16905,2,136,10.97,67.00,335.04
16908,1,61,12.00,50.52,252.59
16912,1,68,10.56,77.96,389.80
16918,1,138,11.63,44.35,221.69
16933,2,549,11.41,206.19,1030.95
16940,1,461,11.51,131.38,656.85
16945,2,551,13.54,191.86,959.29
16950,1,272,11.47,78.92,394.60
16952,1,107,10.00,65.52,327.57
16954,1,443,11.30,91.75,458.73
16964,2,49,15.00,45.41,227.05
16985,3,452,11.25,401.78,2008.90
16987,2,88,11.36,58.18,290.91
17012,1,251,10.69,72.12,360.61
17017,1,186,12.86,58.38,291.90
17018,2,180,10.45,163.80,819.00
17019,1,197,11.79,42.53,212.66
17023,1,171,12.00,28.47,142.35
17027,1,3,10.00,27.97,139.85
17028,1,153,11.47,63.99,319.91
17032,2,1007,10.83,336.51,1682.42
17035,1,36,12.50,10.92,54.60
17043,1,382,10.98,75.41,377.06
17044,1,396,10.91,233.88,1169.40
17047,1,215,12.05,64.54,322.65
17048,1,93,11.11,45.27,226.33
17050,1,286,13.13,64.60,322.98
17056,1,26,11.25,28.12,140.60
17059,1,237,12.16,86.06,430.30
17063,1,129,10.80,55.72,278.61
17066,1,93,9.44,45.67,228.34
17067,3,322,12.31,96.38,481.90
17069,1,395,10.45,100.11,500.55
17071,1,207,10.88,61.61,308.01
17075,2,100,10.83,72.94,364.70
17076,1,48,13.33,13.54,67.68
17082,2,520,10.67,184.04,920.20
17085,4,314,11.29,137.45,687.24
17087,1,113,11.67,44.31,221.53
17091,1,82,10.83,55.30,276.50
17095,1,58,11.36,65.18,325.90
17103,1,471,10.63,111.41,557.10
17113,2,278,9.12,103.12,515.62
17115,2,374,11.11,261.09,1305.44
17127,1,49,10.00,27.59,137.95
17139,1,100,11.50,135.00,675.00
17141,2,201,9.94,80.13,400.59
17142,1,88,9.81,45.10,225.50
17147,1,56,10.56,49.92,249.60
17150,2,99,10.42,63.13,315.65
17151,1,42,12.50,49.98,249.90
17155,2,361,11.14,86.08,430.40
17157,5,608,10.23,363.31,1816.56
17160,2,1105,11.76,270.58,1352.90
17165,2,296,10.59,140.54,702.64
17172,1,382,10.71,201.18,1005.90
17178,1,100,12.26,86.59,432.96
17180,1,101,10.00,35.69,178.51
17182,1,30,10.00,35.70,178.50
17184,1,15,10.00,10.11,50.55
17188,2,479,11.59,177.87,889.33
17189,2,294,10.69,88.52,442.57
17191,1,97,11.09,52.35,261.74
17193,1,36,15.00,9.00,45.00
17209,2,610,13.33,86.64,433.20
17211,2,462,10.40,145.92,729.55
17213,3,374,11.98,210.90,1054.48
17218,1,256,11.06,77.55,387.74
17220,2,208,10.22,69.02,345.10
17222,1,104,11.39,38.85,194.25
17227,1,156,14.62,41.62,208.10
17230,3,1075,9.44,662.21,3311.01
17231,4,410,10.92,1967.97,9839.93
17233,1,60,11.15,36.54,182.68
17238,3,177,9.94,111.98,559.90
17242,1,262,10.38,92.57,462.86
17243,11,1578,10.83,948.02,4740.04
17244,1,57,10.95,52.13,260.65
17245,1,232,12.19,40.04,200.18
17246,1,34,12.50,4.70,23.48
17251,1,158,11.25,61.28,306.40
17262,1,10,10.00,39.90,199.50
17268,1,90,8.75,31.14,155.70
17270,1,264,10.33,83.04,415.22
17271,1,113,9.90,40.87,204.30
17287,4,272,11.97,93.82,469.11
17290,1,123,10.00,41.77,208.85
17293,2,200,10.83,81.01,405.04
17296,1,216,11.52,67.63,338.13
17307,2,360,12.50,90.00,450.00
17314,1,72,12.86,30.84,154.20
17318,1,59,7.94,31.47,157.33
17320,1,158,11.32,64.73,323.66
17322,1,115,11.79,22.92,114.55
17323,1,182,11.41,29.54,147.60
17324,1,88,10.71,20.21,101.04
17329,3,288,10.63,95.09,475.42
17335,1,91,10.00,28.76,143.81
17343,2,194,10.56,92.23,461.13
17344,1,135,10.56,59.95,299.74
17345,1,600,10.93,65.99,329.91
17351,3,123,12.75,97.49,487.43
17352,1,15,10.00,7.25,36.25
17356,1,288,12.59,60.32,301.58
17362,1,68,11.30,30.22,151.10
17364,4,885,11.18,342.57,1712.78
17368,1,79,11.38,38.35,191.72
17371,2,94,11.07,30.85,154.29
17372,4,209,11.55,124.83,624.14
17377,7,845,11.76,469.35,2346.60
17388,1,216,10.00,54.00,270.00
17389,1,484,14.00,198.26,991.32
17400,1,408,11.73,159.87,799.30
17402,2,61,9.75,25.94,129.70
17404,2,1436,11.15,315.29,1576.45
17406,1,356,10.95,157.76,788.78
17409,2,878,10.83,394.44,1972.20
17411,1,150,10.79,68.88,344.40
17412,3,876,10.95,225.25,1126.27
17414,1,444,10.00,62.76,313.80
17416,1,332,11.40,131.88,659.40
17419,1,46,11.00,43.14,215.70
17421,1,96,11.25,26.16,130.80
17428,4,1247,11.27,737.91,3689.54
17432,1,69,11.03,31.99,159.95
17436,1,30,13.33,15.30,76.50
17441,1,245,10.95,58.67,293.35
17449,1,202,10.41,56.78,283.88
17454,1,102,10.91,31.78,158.90
17457,2,384,12.22,268.34,1341.72
17460,1,132,12.08,47.76,238.78
17465,3,663,10.56,217.00,1084.87
17469,2,435,10.33,145.64,728.26
17476,1,124,11.25,52.07,260.36
17487,1,37,13.75,32.11,160.55
17496,1,148,10.29,70.94,354.66
17508,2,928,11.75,299.19,1495.82
17511,3,8372,10.63,3050.24,15251.02
17512,1,687,10.61,181.33,906.65
17519,2,480,11.43,130.52,652.60
17526,2,485,11.32,163.06,815.27
17529,1,630,9.75,171.67,858.27
17530,1,120,11.31,49.13,245.63
17536,1,18,16.67,6.96,34.78
17539,2,207,11.30,90.06,450.28
17557,1,4,10.00,6.80,34.00
17561,1,80,10.29,37.93,189.70
17572,1,43,12.50,12.46,62.31
17576,4,696,10.86,223.55,1117.72
17581,5,438,11.91,176.92,884.60
17584,1,173,12.00,92.41,462.05
17591,1,28,10.79,27.13,135.65
17592,1,38,12.31,29.66,148.30
17593,3,1044,11.56,605.84,3029.16
17596,1,436,11.10,94.82,474.06
17603,1,123,8.57,59.13,295.61
17604,1,118,10.66,31.42,157.08
17606,1,42,8.33,17.46,87.30
17610,3,722,11.48,249.79,1248.82
17611,2,458,10.47,186.95,934.63
17612,2,233,12.12,101.17,505.85
17618,1,189,10.79,87.27,436.35
17623,1,53,11.03,39.41,197.05
17624,1,133,12.05,63.37,316.83
17625,1,293,10.80,135.04,675.12
17631,2,79,10.45,36.17,180.85
17638,1,312,15.00,308.88,1544.40
17642,1,281,12.11,56.21,281.02
17646,2,268,11.30,176.01,880.05
17660,1,138,11.82,32.69,163.47
17662,1,176,10.45,70.60,353.00
17672,1,1,15.00,77.51,387.54
17675,5,780,11.94,437.17,2185.88
17677,4,568,9.66,263.57,1317.85
17679,3,502,10.87,154.03,770.10
17681,2,290,10.50,106.50,532.50
17695,1,334,8.46,60.78,303.90
17696,2,414,12.24,197.19,986.00
17700,2,503,11.27,222.11,1110.57
17706,2,761,10.57,455.61,2278.07
17707,1,60,10.00,10.20,51.00
17716,1,396,10.56,104.04,520.20
17726,1,80,10.63,21.77,108.84
17739,3,392,10.93,320.40,1602.00
17740,1,24,13.33,12.06,60.30
17742,1,35,8.75,43.71,218.55
17753,1,19,11.67,6.09,30.45
17754,3,1385,9.91,437.48,2187.31
17757,1,44,10.56,23.46,117.28
17764,1,69,11.03,37.43,187.15
17768,3,664,10.91,116.68,583.45
17769,1,94,10.80,54.16,270.80
17773,1,152,11.30,73.27,366.35
17776,1,199,11.35,41.88,209.43
17780,1,70,11.48,30.55,152.75
17794,2,46,9.29,29.46,147.30
17797,2,120,10.97,62.36,311.78
17799,2,595,11.02,189.73,948.65
17801,1,423,11.14,76.49,382.44
17802,2,289,11.80,110.86,554.30
17804,1,92,10.47,24.98,124.95
17807,1,114,10.64,37.93,189.68
17809,3,274,10.56,348.66,1743.30
17810,1,98,11.81,1852.93,9264.67
17816,1,22,12.86,5.14,25.70
17818,1,86,11.90,24.96,124.78
17819,2,114,10.00,300.06,1500.30
17825,3,220,11.46,88.50,442.50
17833,1,143,9.52,68.77,343.86
17841,15,1786,11.09,974.41,4871.89
17848,2,262,9.58,53.73,268.67
17850,33,4936,10.79,3626.54,18132.70
17851,4,769,10.97,278.25,1391.16
17852,2,211,12.02,76.07,380.36
17853,1,159,12.59,116.87,584.35
17854,1,65,10.67,27.19,135.94
17858,2,427,10.61,274.15,1370.77
17860,2,122,11.00,49.39,246.94
17861,3,1190,11.28,222.89,1114.19
17865,7,1983,11.28,893.61,4468.00
17866,1,40,10.00,29.90,149.50
17867,3,34,11.94,99.62,498.09
17871,1,123,10.67,46.10,230.48
17873,2,408,10.00,163.72,818.60
17875,1,98,11.15,33.42,167.10
17880,1,72,8.57,34.32,171.60
17884,4,321,10.19,88.82,444.03
17888,2,116,11.36,35.74,178.74
17905,2,179,11.32,39.03,195.15
17908,1,239,11.36,80.64,403.24
17909,1,35,9.38,22.01,110.05
17910,1,121,11.54,64.34,321.70
17913,3,253,11.16,125.06,625.29
17916,1,47,13.18,5.09,25.46
17920,8,2628,11.72,1202.01,6010.01
17927,1,108,12.00,58.80,294.00
17929,1,72,15.00,85.68,428.40
17935,1,55,9.29,21.25,106.25
17940,2,17521,9.00,1093.66,5468.34
17941,1,576,5.00,97.92,489.60
17945,3,244,10.35,1869.00,9345.10
17949,17,5895,10.59,3783.13,18915.66
17950,1,17,11.43,29.99,149.95
17954,3,356,10.52,135.61,678.04
17958,1,200,10.34,177.57,887.82
17961,15,555,11.51,164.24,821.16
17962,1,260,11.03,73.24,366.23
17963,1,102,10.44,34.23,171.17
17965,2,957,10.95,5593.12,27965.41
17966,2,480,10.79,76.38,381.92
17969,6,249,11.05,144.49,722.46
17978,2,126,11.07,57.63,288.05
17982,1,117,11.54,27.64,138.18
17984,1,187,12.55,42.54,212.63
17988,3,80,11.25,38.06,190.32
17990,1,84,12.00,72.30,361.50
17998,2,290,11.50,63.83,319.19
18001,1,144,9.58,35.32,176.60
18002,1,22,12.31,8.86,44.32
18006,1,9,8.75,10.71,53.55
18008,2,480,8.33,249.60,1248.00
18012,1,63,13.08,23.06,115.30
18016,1,84,11.32,40.24,201.20
18036,2,80,12.50,49.43,247.15
18037,5,8,10.00,9.28,46.40
18041,2,670,11.25,149.27,746.32
18051,4,1002,11.85,349.04,1745.16
18057,1,474,10.25,65.22,326.12
18061,5,668,10.25,236.83,1184.16
18065,3,130,11.67,93.92,469.60
18071,2,245,13.65,86.19,430.95
18077,3,386,10.85,106.94,534.70
18087,5,386,11.43,303.86,1519.30
18092,3,1242,9.74,532.62,2663.10
18094,1,392,11.54,187.44,937.20
18097,1,206,11.36,34.25,171.26
18102,15,31020,10.90,28019.23,140096.18
18106,2,119,11.18,60.87,304.31
18108,1,165,11.35,98.65,493.25
18115,1,3,8.33,1.94,9.70
18134,1,83,12.22,60.43,302.15
18144,1,273,12.67,146.98,734.90
18145,2,922,10.78,286.74,1433.70
18162,1,332,11.41,74.31,371.51
18168,2,369,12.00,119.60,598.01
18170,1,145,12.14,55.53,277.59
18171,1,96,11.67,65.06,325.32
18172,1,106,15.00,46.62,233.10
18177,1,270,8.75,101.30,506.50
18181,1,115,10.34,59.79,298.99
18186,1,338,10.91,111.28,556.38
18190,1,240,10.31,38.49,192.42
18194,1,270,10.71,146.42,732.10
18199,1,99,10.75,68.95,344.75
18201,1,191,10.93,89.51,447.53
18203,1,22,11.07,21.82,109.08
18219,1,100,12.50,30.35,151.72
18220,1,164,10.00,56.20,281.00
18223,3,1250,9.84,466.42,2332.09
18225,2,276,10.56,178.12,890.60
18229,2,144,10.83,154.56,772.80
18231,1,95,11.40,53.66,268.30
18242,1,194,9.44,65.31,326.54
18251,1,8421,11.09,1481.05,7405.29
18252,3,651,12.59,396.36,1981.81
18259,2,166,8.33,139.50,697.50
18260,1,198,10.83,69.36,346.78
18268,2,442,11.18,185.78,928.86
18271,1,89,13.89,38.51,192.55
18275,1,224,12.22,195.68,978.40
18276,1,193,9.69,43.61,218.05
18286,1,114,9.71,111.79,558.95
